﻿<?xml version="1.0" encoding="UTF-8" standalone="yes"?>
<addon id="repository.demo.kodi" name="Demonstration repository" version="0.0.2" provider-name="bsan">
	<extension point="xbmc.addon.repository" name="Demonstration Add-on Repository">
		<info compressed="false">http://raw.github.com/brunosantos/Bsan-kodi-repo/master/addons.xml</info>
		<checksum>http://raw.github.com/brunosantos/Bsan-kodi-repo/master/addons.xml.md5</checksum>
		<datadir zip="true">http://raw.github.com/brunosantos/Bsan-kodi-repo/master/repo/</datadir>
	</extension>
	<extension point="xbmc.addon.metadata">
		<summary>Demonstration Addon</summary>
		<description>Addon Description</description>
		<disclaimer></disclaimer>
		<platform>all</platform>
	</extension>
</addon>