<?xml version="1.0" encoding="UTF-8"?>
<addon id="plugin.video.myaddon"
       name="Sparrow TV"
       version="0.0.2"
       provider-name="bsan">
    <requires>
        <import addon="xbmc.python" version="2.1.0"/>
		<import addon="script.module.pytz"/>
		<import addon="script.module.urlresolver"  version="1.0.5"/>
		<import addon="script.module.requests"/>
    </requires>
    <extension point="xbmc.python.pluginsource" library="default.py">
        <provides>video</provides>
    </extension>
    <extension point="xbmc.addon.metadata">
        <summary></summary>
        <description></description>
        <disclaimer></disclaimer>
        <platform>all</platform>
    </extension>
</addon>