﻿<?xml version="1.0" encoding="UTF-8" standalone="yes"?>
<addon id="repository.kodi.caribbean" name="Caribbean repository" version="0.0.4" provider-name="bsan">
    <extension point="xbmc.addon.repository" name="Caribbean Add-on Repository">
        <info compressed="false">http://raw.github.com/brunosantos/Bsan-kodi-repo/master/addons.xml</info>
        <checksum>http://raw.github.com/brunosantos/Bsan-kodi-repo/master/addons.xml.md5</checksum>
        <datadir zip="true">http://raw.github.com/brunosantos/Bsan-kodi-repo/master/repo/</datadir>
    </extension>
    <extension point="xbmc.addon.metadata">
        <summary>Caribbean Addon</summary>
        <description>Stuff and things</description>
        <disclaimer></disclaimer>
        <platform>all</platform>
    </extension>
</addon>